<?xml version="1.0" encoding="utf-8"?>
<xs:schema attributeFormDefault="unqualified" elementFormDefault="qualified" xmlns:xs="http://www.w3.org/2001/XMLSchema">
    <xs:element name="map">
        <xs:complexType>
            <xs:sequence>
                <xs:element maxOccurs="unbounded" name="player">
                    <xs:complexType>
                        <xs:sequence>
                            <xs:element name="name" type="xs:string" />
                            <xs:element name="position" type="xs:string" />
                            <xs:element name="vehicle" type="xs:string" />
                            <xs:element name="reputation" type="xs:unsignedByte" />
                            <xs:element name="last_move" type="xs:string" />
                        </xs:sequence>
                    </xs:complexType>
                </xs:element>
                <xs:element name="traffic_element">
                    <xs:complexType>
                        <xs:sequence>
                            <xs:element name="vehicle" type="xs:unsignedByte" />
                            <xs:element name="bot" type="xs:unsignedByte" />
                            <xs:element name="lane" type="xs:unsignedByte" />
                            <xs:element name="curb" type="xs:unsignedByte" />
                            <xs:element name="divider" type="xs:unsignedByte" />
                            <xs:element name="intersection" type="xs:unsignedByte" />
                        </xs:sequence>
                    </xs:complexType>
                </xs:element>
            </xs:sequence>
        </xs:complexType>
    </xs:element>
</xs:schema>